3,311-3502-1-ND,C1 C7 C9
9,CC0603KRX7R7BB104,C2 C8 C10 C12 C16 C20 C24 C28 C29
3,490-10479-1-ND,C3 C5 C11
2,490-7204-1-ND,C4 C6
8,GRM1885C1H271JA01D,C13 C15 C17 C19 C21 C23 C25 C27
4,GRM1885C1H471JA01D,C14 C18 C22 C26
1,F5748CT-ND,D1
1,3757-SS1030HEWS_R1_00001CT-ND,D2
1,732-4971-1-ND,D3
9,TPD1E05U06DYAR,D4 D5 D6 D7 D8 D10 D11 D12 D13
1,732-4981-1-ND,D9
1,MF-NSMF050-2CT-ND,F1
1,490-5221-1-ND,FB1
1,455-1564-1-ND,J1
1,ACX1230-ND,J2
8,115-SMP-MSSB-PCT10TCT-ND,J3 J4 J5 J6 J7 J8 J9 J10
8,535-10512-1-ND,L1 L2 L3 L4 L5 L6 L7 L8
2,RC0603FR-071KL,R1 R24
3,RC0603FR-0710KL,R2 R4 R21
5,RMCF0603FT22R0CT-ND,R3 R25 R26 R27 R28
4,RC0603JR-070RL,R5 R9 R13 R17
8,ERJ-3EKF2940V,R6 R8 R10 R12 R14 R16 R18 R20
4,RC0603FR-0717R4L,R7 R11 R15 R19
1,RC0603FR-07100RL,R22
1,296-38557-1-ND,U1
1,296-50411-1-ND,U2
1,296-LMK1C1104PWRCT-ND,U4
1,296-11933-1-ND,U5
1,296-1222-1-ND,U6
5,RC0603FR-0749R9L,R23 DNP spare
8,24-134-1019-451-ND,off-board SDR adapters
