3,CC0805KRX5R7BB106,C1 C7 C9
9,CC0402KRX7R7BB104,C2 C8 C10 C12 C16 C20 C24 C28 C29
3,GRM188R61C105KA12D,C3 C5 C11
2,GRM188R6YA225KA12D,C4 C6
8,GRM1555C1H271JA01D,C13 C15 C17 C19 C21 C23 C25 C27
4,GRM1555C1H471JA01D,C14 C18 C22 C26
1,SMF5.0A,D1
1,SS1030HEWS_R1_00001,D2
1,150060GS75000,D3
9,TPD1E05U06DPYR,D4 D5 D6 D7 D8 D10 D11 D12 D13
1,150060YS75000,D9
1,MF-NSMF050-2,F1
1,BLM18PG221SN1D,FB1
1,SM02B-GHS-TB(LF)(SN),J1
1,132134,J2
8,SMP-MSSB-PCT10T,J3 J4 J5 J6 J7 J8 J9 J10
8,AISC-0805-R82J-T,L1 L2 L3 L4 L5 L6 L7 L8
2,RC0402FR-071KL,R1 R24
3,RC0402FR-0710KL,R2 R4 R21
5,RC0402FR-0722RL,R3 R25 R26 R27 R28
4,RC0402JR-070RL,R5 R9 R13 R17
8,ERJ-2RKF2940X,R6 R8 R10 R12 R14 R16 R18 R20
4,RC0402FR-0717R4L,R7 R11 R15 R19
1,RC0402FR-07100RL,R22
1,LP5907MFX-3.3/NOPB,U1
1,TLV75533PDBVR,U2
1,LMK1C1104PWR,U4
1,SN74LVC1G17DBVR,U5
1,SN74LVC125APWR,U6
5,RC0402FR-0749R9L,R23 DNP spare
8,134-1019-451,off-board SDR adapters
