Qty,References,Value,Footprint,Manufacturer,MPN,Dielectric,Tolerance,Fit,Stock 2026-10-05,Unit price qty 1 (USD),Note
3,C1 C7 C9,10uF,C_0805_2012Metric,YAGEO,CC0805KRX5R7BB106,,,Fit,523060,0.63,Replaces Murata GRM21BR61C106KE15L (no stock until 2026-11-23)
9,C2 C8 C10 C12 C16 C20 C24 C28 C29,100nF,C_0402_1005Metric,YAGEO,CC0402KRX7R7BB104,,,Fit,2790064,0.10,Replaces Murata GRM155R71C104KA88D (no stock until 2026-12-18)
3,C3 C5 C11,1uF,C_0603_1608Metric,Murata,GRM188R61C105KA12D,,,Fit,9932,0.11,Replaces GRM188R61C105KA93D (obsolete)
2,C4 C6,2.2uF,C_0603_1608Metric,Murata,GRM188R6YA225KA12D,,,Fit,66531,0.13,Replaces GRM188R61A225KE34D (obsolete); 35 V rating
8,C13 C15 C17 C19 C21 C23 C25 C27,270pF,C_0402_1005Metric,Murata,GRM1555C1H271JA01D,C0G,,Fit,546695,0.11,
4,C14 C18 C22 C26,470pF,C_0402_1005Metric,Murata,GRM1555C1H471JA01D,C0G,,Fit,267000,0.10,
1,D1,SMF5.0A,D_SOD-123F,Littelfuse,SMF5.0A,,,Fit,65978,0.53,
1,D2,SS1030HEWS,D_SOD-323F,Panjit,SS1030HEWS_R1_00001,,,Fit,6757,0.26,Replaces Nexperia PMEG3020EJ (no stock until 2027-02-16); 30 V 1 A; VERIFY land pattern
1,D3,GRN PWR,LED_0603_1608Metric,Wurth,150060GS75000,,,Fit,294904,0.15,
9,D4 D5 D6 D7 D8 D10 D11 D12 D13,TPD1E05U06,Texas_DPY0002A_0.6x1mm_P0.65mm,Texas Instruments,TPD1E05U06DPYR,,,Fit,614037,0.44,
1,D9,YEL PPS,LED_0603_1608Metric,Wurth,150060YS75000,,,Fit,110706,0.15,
1,F1,500mA,Fuse_1206_3216Metric,Bourns,MF-NSMF050-2,,,Fit,29689,0.40,
1,FB1,BLM18PG221,L_0603_1608Metric,Murata,BLM18PG221SN1D,,,Fit,273730,0.14,
1,J1,5V_IN,JST_GH_SM02B-GHS-TB_1x02-1MP_P1.25mm_Horizontal,JST,SM02B-GHS-TB(LF)(SN),,,Fit,11744,0.35,Mating housing GHR-02V-S (cable side) is not in this BOM
1,J2,PPS_IN,SMA_Amphenol_132134_Vertical,Amphenol RF,132134,,,Fit,23072,7.30,
8,J3 J4 J5 J6 J7 J8 J9 J10,PPS_B200_1 / PPS_B200_2 / PPS_B210_1 / PPS_B210_2 / REF_B200_1 / REF_B200_2 / REF_B210_1 / REF_B210_2,SMP_Amphenol_SMP-MSSB-PCT10T_Vertical_Float,Amphenol RF,SMP-MSSB-PCT10T,,,Fit,407,6.89,"Smooth bore, THT legs + SMD signal tab (2026-10-07). Was SMP-MSSB-PCT ($29.11). Remove the pick-and-place cap before mating. Stock checked 2026-10-07"
8,L1 L2 L3 L4 L5 L6 L7 L8,820nH,L_0805_2012Metric,Abracon,AISC-0805-R82J-T,,,Fit,14360,0.42,"Replaces Coilcraft 0805CS-821XJRC (Digi-Key Marketplace only). Same size, ceramic core, 2.3 ohm, Q 23 @ 50 MHz, SRF 250 MHz. Stock checked 2026-10-07"
2,R1 R24,1k,R_0402_1005Metric,YAGEO,RC0402FR-071KL,,1%,Fit,4252853,0.10,
3,R2 R4 R21,10k,R_0402_1005Metric,YAGEO,RC0402FR-0710KL,,1%,Fit,10811271,0.10,
5,R3 R25 R26 R27 R28,22R,R_0402_1005Metric,YAGEO,RC0402FR-0722RL,,1%,Fit,4564009,0.11,
4,R5 R9 R13 R17,0R,R_0402_1005Metric,YAGEO,RC0402JR-070RL,,jumper,Fit,1549072,0.10,
8,R6 R8 R10 R12 R14 R16 R18 R20,294R,R_0402_1005Metric,Panasonic,ERJ-2RKF2940X,,1%,Fit,182059,0.10,YAGEO RC0402FR-07294RL had no stock
4,R7 R11 R15 R19,17.4R,R_0402_1005Metric,YAGEO,RC0402FR-0717R4L,,1%,Fit,18709,0.11,
1,R22,100R,R_0402_1005Metric,YAGEO,RC0402FR-07100RL,,1%,Fit,755944,0.10,
1,U1,LP5907MFX-3.3/NOPB,SOT-23-5,Texas Instruments,LP5907MFX-3.3/NOPB,,,Fit,,,U1 (+3V3_OSC). Replaces TPS7A2033PDBVR (no stock until 2026-11-23). Stock not checked yet
1,U2,TLV75533PDBVR,SOT-23-5,Texas Instruments,TLV75533PDBVR,,,Fit,,,U2 (+3V3_CLK). Replaces TPS7A2033PDBVR (no stock until 2026-11-23). Stock not checked yet
1,U3,SiT5155AI-FK-33E0-10.000000,SiTime_SiT5155_5.0x3.2mm_10L,SiTime,SiT5155AI-FK-33E0-10.000000,,,Fit,0,55.66,In hand (2026-10-07). Digi-Key estimate 2027-05-17 if more are needed
1,U4,LMK1C1104PWR,TSSOP-8_4.4x3mm_P0.65mm,Texas Instruments,LMK1C1104PWR,,,Fit,2216,3.75,
1,U5,SN74LVC1G17DBVR,SOT-23-5,Texas Instruments,SN74LVC1G17DBVR,,,Fit,260074,0.15,
1,U6,SN74LVC125APWR,TSSOP-14_4.4x5mm_P0.65mm,Texas Instruments,SN74LVC125APWR,,,Fit,19070,0.41,
1,R23,49.9R,R_0402_1005Metric,YAGEO,RC0402FR-0749R9L,,1%,DNP,2652000,0.10,R23 is DNP (fit only if the GNSS PPS source needs 50 ohm). 5 spares in the Digi-Key upload
8,(off-board),"Adapter SMA plug to SMP female, one on each SDR rear 10 MHz and PPS SMA; plugs directly onto J3-J10",,Cinch Connectivity Solutions Johnson,134-1019-451,,,Off-board,71,33.83,"One-piece adapter, no bullet (D-027, 2026-10-07). 14.25 mm long. Stock checked 2026-10-07. 10+ price 28.75"
