Ref,Val,Package,PosX,PosY,Rot,Side
"C1","10uF","C_0805_2012Metric",12.600000,39.800000,180.000000,top
"C2","100nF","C_0402_1005Metric",16.000000,38.800000,-90.000000,top
"C3","1uF","C_0603_1608Metric",4.200000,32.500000,90.000000,top
"C4","2.2uF","C_0603_1608Metric",11.600000,33.400000,90.000000,top
"C5","1uF","C_0603_1608Metric",4.200000,26.000000,90.000000,top
"C6","2.2uF","C_0603_1608Metric",11.600000,26.900000,90.000000,top
"C7","10uF","C_0805_2012Metric",14.000000,26.900000,90.000000,top
"C8","100nF","C_0402_1005Metric",34.000000,27.400000,0.000000,top
"C9","10uF","C_0805_2012Metric",31.000000,24.500000,-90.000000,top
"C10","100nF","C_0402_1005Metric",48.400000,28.600000,0.000000,top
"C11","1uF","C_0603_1608Metric",48.600000,26.400000,0.000000,top
"C12","100nF","C_0402_1005Metric",20.000000,33.855000,90.000000,top
"C13","270pF","C_0402_1005Metric",19.520000,35.295000,180.000000,top
"C14","470pF","C_0402_1005Metric",20.480000,39.855000,0.000000,top
"C15","270pF","C_0402_1005Metric",19.520000,44.415000,180.000000,top
"C16","100nF","C_0402_1005Metric",36.000000,33.855000,90.000000,top
"C17","270pF","C_0402_1005Metric",35.519999,35.295000,180.000000,top
"C18","470pF","C_0402_1005Metric",36.480000,39.855000,0.000000,top
"C19","270pF","C_0402_1005Metric",35.519999,44.415000,180.000000,top
"C20","100nF","C_0402_1005Metric",52.000000,33.855000,90.000000,top
"C21","270pF","C_0402_1005Metric",51.519999,35.295000,180.000000,top
"C22","470pF","C_0402_1005Metric",52.480000,39.855000,0.000000,top
"C23","270pF","C_0402_1005Metric",51.519999,44.415000,180.000000,top
"C24","100nF","C_0402_1005Metric",68.000000,33.855000,90.000000,top
"C25","270pF","C_0402_1005Metric",67.519999,35.295000,180.000000,top
"C26","470pF","C_0402_1005Metric",68.480000,39.855000,0.000000,top
"C27","270pF","C_0402_1005Metric",67.519999,44.415000,180.000000,top
"C28","100nF","C_0402_1005Metric",16.400000,16.800000,0.000000,top
"C29","100nF","C_0402_1005Metric",51.000000,15.950000,0.000000,top
"D1","SMF5.0A","D_SOD-123F",8.800000,47.400000,180.000000,top
"D2","PMEG3020EJ","D_SOD-323F",13.200000,43.800000,180.000000,top
"D3","GRN PWR","LED_0603_1608Metric",11.000000,22.800001,0.000000,top
"D4","TPD1E05U06","Texas_DPY0002A_0.6x1mm_P0.65mm",20.350000,49.345001,0.000000,top
"D5","TPD1E05U06","Texas_DPY0002A_0.6x1mm_P0.65mm",36.350000,49.345001,0.000000,top
"D6","TPD1E05U06","Texas_DPY0002A_0.6x1mm_P0.65mm",52.350000,49.345001,0.000000,top
"D7","TPD1E05U06","Texas_DPY0002A_0.6x1mm_P0.65mm",68.350000,49.345001,0.000000,top
"D8","TPD1E05U06","Texas_DPY0002A_0.6x1mm_P0.65mm",6.900000,14.350000,90.000000,top
"D9","YEL PPS","LED_0603_1608Metric",13.000000,9.000000,180.000000,top
"D10","TPD1E05U06","Texas_DPY0002A_0.6x1mm_P0.65mm",20.350000,6.655000,0.000000,top
"D11","TPD1E05U06","Texas_DPY0002A_0.6x1mm_P0.65mm",36.350000,6.655000,0.000000,top
"D12","TPD1E05U06","Texas_DPY0002A_0.6x1mm_P0.65mm",52.350000,6.655000,0.000000,top
"D13","TPD1E05U06","Texas_DPY0002A_0.6x1mm_P0.65mm",68.350000,6.655000,0.000000,top
"F1","500mA","Fuse_1206_3216Metric",8.800000,43.800000,0.000000,top
"FB1","BLM18PG221","L_0603_1608Metric",16.000000,41.600000,-90.000000,top
"J1","5V_IN","JST_GH_SM02B-GHS-TB_1x02-1MP_P1.25mm_Horizontal",3.100000,42.000000,-90.000000,top
"J2","PPS_IN","SMA_Amphenol_132289_EdgeMount",2.840000,14.000000,180.000000,top
"J3","REF_B210_1","SMA_Amphenol_132289_EdgeMount",20.000000,53.160000,90.000000,top
"J4","REF_B210_2","SMA_Amphenol_132289_EdgeMount",36.000000,53.160000,90.000000,top
"J5","REF_B200_1","SMA_Amphenol_132289_EdgeMount",52.000000,53.160000,90.000000,top
"J6","REF_B200_2","SMA_Amphenol_132289_EdgeMount",68.000000,53.160000,90.000000,top
"J7","PPS_B210_1","SMA_Amphenol_132289_EdgeMount",20.000000,2.840000,-90.000000,top
"J8","PPS_B210_2","SMA_Amphenol_132289_EdgeMount",36.000000,2.840000,-90.000000,top
"J9","PPS_B200_1","SMA_Amphenol_132289_EdgeMount",52.000000,2.840000,-90.000000,top
"J10","PPS_B200_2","SMA_Amphenol_132289_EdgeMount",68.000000,2.840000,-90.000000,top
"L1","820nH","L_0805_2012Metric",20.000000,37.575000,90.000000,top
"L2","820nH","L_0805_2012Metric",20.000000,42.135000,90.000000,top
"L3","820nH","L_0805_2012Metric",36.000000,37.575000,90.000000,top
"L4","820nH","L_0805_2012Metric",36.000000,42.135000,90.000000,top
"L5","820nH","L_0805_2012Metric",52.000000,37.575000,90.000000,top
"L6","820nH","L_0805_2012Metric",52.000000,42.135000,90.000000,top
"L7","820nH","L_0805_2012Metric",68.000000,37.575000,90.000000,top
"L8","820nH","L_0805_2012Metric",68.000000,42.135000,90.000000,top
"R1","1k","R_0402_1005Metric",13.600000,22.800001,180.000000,top
"R2","10k","R_0402_1005Metric",32.500000,20.800000,0.000000,top
"R3","22R","R_0402_1005Metric",40.500000,25.175001,0.000000,top
"R4","10k","R_0402_1005Metric",43.675000,19.400000,90.000000,top
"R5","0R","R_0402_1005Metric",20.000000,31.945000,90.000000,top
"R6","294R","R_0402_1005Metric",20.510000,45.415001,0.000000,top
"R7","17.4R","R_0402_1005Metric",20.000000,46.885001,90.000000,top
"R8","294R","R_0402_1005Metric",19.490000,48.355001,180.000000,top
"R9","0R","R_0402_1005Metric",36.000000,31.945000,90.000000,top
"R10","294R","R_0402_1005Metric",36.510000,45.415001,0.000000,top
"R11","17.4R","R_0402_1005Metric",36.000000,46.885001,90.000000,top
"R12","294R","R_0402_1005Metric",35.490000,48.355001,180.000000,top
"R13","0R","R_0402_1005Metric",52.000000,31.945000,90.000000,top
"R14","294R","R_0402_1005Metric",52.510000,45.415001,0.000000,top
"R15","17.4R","R_0402_1005Metric",52.000000,46.885001,90.000000,top
"R16","294R","R_0402_1005Metric",51.490000,48.355001,180.000000,top
"R17","0R","R_0402_1005Metric",68.000000,31.945000,90.000000,top
"R18","294R","R_0402_1005Metric",68.510000,45.415001,0.000000,top
"R19","17.4R","R_0402_1005Metric",68.000000,46.885001,90.000000,top
"R20","294R","R_0402_1005Metric",67.490000,48.355001,180.000000,top
"R21","10k","R_0402_1005Metric",11.100000,14.510000,90.000000,top
"R22","100R","R_0402_1005Metric",9.600000,14.000000,0.000000,top
"R24","1k","R_0402_1005Metric",10.000000,9.000000,0.000000,top
"R25","22R","R_0402_1005Metric",20.000000,8.105000,-90.000000,top
"R26","22R","R_0402_1005Metric",36.000000,8.105000,-90.000000,top
"R27","22R","R_0402_1005Metric",52.000000,8.105000,-90.000000,top
"R28","22R","R_0402_1005Metric",68.000000,8.105000,-90.000000,top
"U1","TPS7A2033DBVR","SOT-23-5",8.000000,32.500000,0.000000,top
"U2","TPS7A2033DBVR","SOT-23-5",8.000000,26.000000,0.000000,top
"U3","SiT5155AI-FK-33E0-10.000000","SiTime_SiT5155_5.0x3.2mm_10L",36.500000,24.000000,90.000000,top
"U4","LMK1C1104PWR","TSSOP-8_4.4x3mm_P0.65mm",44.000000,25.000000,90.000000,top
"U5","SN74LVC1G17DBVR","SOT-23-5",13.800000,14.000000,0.000000,top
"U6","SN74LVC125APWR","TSSOP-14_4.4x5mm_P0.65mm",44.000000,14.000000,0.000000,top
