part,material,volume_cm3,g_if_ply,g_if_acrylic,g_if_delrin
bottom_plate,laser,72.2,49.1,85.9,101.8
top_plate,laser,70.0,47.6,83.3,98.7
side_wall_L,laser,39.08,26.6,46.5,55.1
side_wall_R,laser,39.08,26.6,46.5,55.1
rear_plate,laser,44.69,30.4,53.2,63.0
tray_NUC,laser,22.09,15.0,26.3,31.2
strip_bot_NUC,asa,7.33,4.7,4.7,4.7
strip_top_NUC,asa,7.33,4.7,4.7,4.7
rail_bot_NUC,tpu,2.25,2.7,2.7,2.7
rail_top_NUC,tpu,2.25,2.7,2.7,2.7
latch_bot_NUC,asa,0.35,0.2,0.2,0.2
latch_top_NUC,asa,0.35,0.2,0.2,0.2
tray_B210_1,laser,53.69,36.5,63.9,75.7
strip_bot_B210_1,asa,9.98,6.4,6.4,6.4
strip_top_B210_1,asa,9.98,6.4,6.4,6.4
rail_bot_B210_1,tpu,3.3,4.0,4.0,4.0
rail_top_B210_1,tpu,3.3,4.0,4.0,4.0
latch_bot_B210_1,asa,0.35,0.2,0.2,0.2
latch_top_B210_1,asa,0.35,0.2,0.2,0.2
tray_B210_2,laser,53.69,36.5,63.9,75.7
strip_bot_B210_2,asa,9.98,6.4,6.4,6.4
strip_top_B210_2,asa,9.98,6.4,6.4,6.4
rail_bot_B210_2,tpu,3.3,4.0,4.0,4.0
rail_top_B210_2,tpu,3.3,4.0,4.0,4.0
latch_bot_B210_2,asa,0.35,0.2,0.2,0.2
latch_top_B210_2,asa,0.35,0.2,0.2,0.2
tray_B200_1,laser,53.69,36.5,63.9,75.7
strip_bot_B200_1,asa,9.98,6.4,6.4,6.4
strip_top_B200_1,asa,9.98,6.4,6.4,6.4
rail_bot_B200_1,tpu,3.3,4.0,4.0,4.0
rail_top_B200_1,tpu,3.3,4.0,4.0,4.0
latch_bot_B200_1,asa,0.35,0.2,0.2,0.2
latch_top_B200_1,asa,0.35,0.2,0.2,0.2
tray_B200_2,laser,53.69,36.5,63.9,75.7
strip_bot_B200_2,asa,9.98,6.4,6.4,6.4
strip_top_B200_2,asa,9.98,6.4,6.4,6.4
rail_bot_B200_2,tpu,3.3,4.0,4.0,4.0
rail_top_B200_2,tpu,3.3,4.0,4.0,4.0
latch_bot_B200_2,asa,0.35,0.2,0.2,0.2
latch_top_B200_2,asa,0.35,0.2,0.2,0.2
ssd_cage,asa,26.36,16.9,16.9,16.9
ssd_sled,asa,10.33,6.6,6.6,6.6
latch_ssd_hatch,asa,0.35,0.2,0.2,0.2
